-- https://github.com/ChristoferLv/TrabalhoBD

INSERT INTO CREDENCIAIS(login, senha, emailRecuperacao) VALUES 
('jkibbee0@hud.gov','unMznXZHuXR','jkibbee0@hud.gov'),
('jamery1@hubpages.com','bgJ4WrigL','jamery1@hubpages.com'),
('nbanaszewski2@illinois.edu','r9cNUcqw3DU','nbanaszewski2@illinois.edu'),
('sbirt3@soundcloud.com','68Bek9BS0y','sbirt3@soundcloud.com'),

('hsandell4@furl.net','uOUckm','hsandell4@furl.net'),
('rvenable5@domainmarket.com','RX0kZ0bnrjzj','rvenable5@domainmarket.com'),
('mstoute6@state.tx.us','72ymuzqE0HpN','mstoute6@state.tx.us'),
('rgrieswood7@bluehost.com','03qtxQgB','rgrieswood7@bluehost.com'),

('mlehenmann8@loc.gov','JKBvg7wNyC','mlehenmann8@loc.gov'),
('awoonton9@bluehost.com','nlAk9MzmKmnt','awoonton9@bluehost.com'),
('sbrodiea@loc.gov','EzSJEgIj','sbrodiea@loc.gov'),
('jarendb@berkeley.edu','l5wlO7M0N4jr','jarendb@berkeley.edu'),

('hwalkinshawc@sbwire.com','YZpmYDqgdc','hwalkinshawc@sbwire.com'),
('mfenechd@mtv.com','GB7GrQpjCXP','mfenechd@mtv.com'),
('hcussene@upenn.edu','ClHO3qw1','hcussene@upenn.edu'),
('tdoef@tumblr.com','Ms2FroP','tdoef@tumblr.com'),

('dmildenhallg@etsy.com','JN9lk10N','dmildenhallg@etsy.com'),
('rmazellah@chron.com','zvIm449FqGvD','rmazellah@chron.com'),
('qgribbeni@ftc.gov','UlGPSRrXrBuz','qgribbeni@ftc.gov'),
('grecklessj@tiny.cc','FaWB4z75cpm8','grecklessj@tiny.cc'),

('wbrannank@stumbleupon.com','igdOLku','wbrannank@stumbleupon.com'),
('gkilfeatherl@google.ru','d1EJCdmyO','gkilfeatherl@google.ru'),
('kaslenm@acquirethisname.com','w4Qgbxh','kaslenm@acquirethisname.com'),
('rchristoforn@techcrunch.com','4yzolIKjF','rchristoforn@techcrunch.com'),

('gfeldmarko@netvibes.com','e15d00SaJU','gfeldmarko@netvibes.com'),
('blickessp@sourceforge.net','wmhyqcZqOQCu','blickessp@sourceforge.net'),
('dklimptq@tripadvisor.com','KtWbCFgZy','dklimptq@tripadvisor.com'),
('dgommeyr@intel.com','bbI2qF','dgommeyr@intel.com'),

('chicks@wikimedia.org','u0XyUu','chicks@wikimedia.org'),
('pbagnoldt@opera.com','Wa6KJbym3w','pbagnoldt@opera.com');


insert into USUARIO(cpf, nome, dataNascimento, login) VALUES
('385.915.855-42','Chery Suff','2014-07-15','jkibbee0@hud.gov'),
('444.937.391-00','Harriette Dunleavy','2000-07-20','jamery1@hubpages.com'),
('398.818.452-70','Noby De Cruze','2017-05-22','nbanaszewski2@illinois.edu'),
('900.276.479-00','Jo ann Cavee','2011-08-22','sbirt3@soundcloud.com'),

('705.762.427-13','Conni Giroldi','2012-08-19','hsandell4@furl.net'),
('405.062.227-13','Regan Wegner','2001-12-01','rvenable5@domainmarket.com'),
('714.722.587-18','Raimondo Innman','2003-02-10','mstoute6@state.tx.us'),
('104.862.437-13','Hollis Munby','2019-03-20','rgrieswood7@bluehost.com'),

('455.121.673-91','Constantine Stathers','2012-07-29','mlehenmann8@loc.gov'),
('125.178.643-92','Romy Burriss','2006-11-26','awoonton9@bluehost.com'),
('152.145.623-11','Dalia Ewen','2016-07-25','sbrodiea@loc.gov'),
('357.981.673-42','Braden Bedingfield','2016-05-03','jarendb@berkeley.edu'),

('627.372.839-76','Felicia Cheves','2016-12-08','hwalkinshawc@sbwire.com'),
('603.451.898-92','Paulo Cannop','2002-12-09','mfenechd@mtv.com'),
('862.461.128-72','Fonsie Driffield','2010-10-28','hcussene@upenn.edu'),
('123.551.328-52','Mavis Kasperski','2018-06-25','tdoef@tumblr.com'),

('103.535.898-42','Abe Morrowe','2003-01-22','dmildenhallg@etsy.com'),
('793.983.296-46','Carry Eacott','2013-02-08','rmazellah@chron.com'),
('712.183.296-46','Ingra Donke','2021-12-01','qgribbeni@ftc.gov'),
('793.233.396-76','Monti Drews','2004-10-14','grecklessj@tiny.cc'),

('146.323.252-26','Yolande Boutellier','2021-06-01','wbrannank@stumbleupon.com'),
('123.463.241-96','Kristien Leathwood','2016-01-09','gkilfeatherl@google.ru'),
('123.435.286-86','Donavon Finlry','2018-03-05','kaslenm@acquirethisname.com'),
('667.322.839-36','Susanna Gantzer','2015-03-01','rchristoforn@techcrunch.com'),

('617.342.359-36','Domenic O\'Hagirtie','2019-10-09','gfeldmarko@netvibes.com'),
('237.323.132-36','Letty Pearman','2001-07-29','blickessp@sourceforge.net'),
('127.424.120-46','Meridel Penhallurick','2021-05-30','dklimptq@tripadvisor.com'),
('237.341.469-06','Luelle Brettelle','2002-01-20','dgommeyr@intel.com'),

('546.235.854-46','Kaile Kendred','2001-03-13','chicks@wikimedia.org'),
('127.453.439-76','Gwyneth Sevior','2016-01-24','pbagnoldt@opera.com');

insert into RESPONSAVEL(cpf, nome, contato)VALUES
('125.915.835-42','Rafaelita Matuszkiewicz','(21) 4533-4765'),
('544.937.311-00','Andriette Dunseith','(21) 4533-4765'),
('398.834.422-70','Duane Lehr','(21) 4533-4765'),
('924.276.409-00','Cecilius Pepler','(21) 4533-4765'),
('754.762.417-13','Erek Commings','(21) 4533-4765'),
('412.062.637-13','Randi Ricold','(21) 4533-4765'),
('567.722.557-18','Phaidra Yelding','(21) 4533-4765'),
('952.862.437-13','Torrence Petrolli','(21) 4533-4765'),
('125.121.613-91','Devi Antonomolii','(21) 4533-4765'),
('456.178.653-92','Irene Surgenor','(21) 4533-4765'),
('285.145.643-11','Alfred Beldam','(21) 4533-4765'),
('045.981.623-42','Shellysheldon Molden','(21) 4533-4765'),
('087.372.869-76','Nicol Tilsley','(21) 4533-4765'),
('567.451.898-92','Tim Vasey','(21) 4533-4765'),
('123.461.108-72','Kaitlyn Wheelhouse','(21) 4533-4765'),
('054.551.308-52','Coraline Dinzey','(21) 4533-4765'),
('126.535.818-42','Kat Kenwood','(21) 4533-4765'),
('245.983.216-46','Tanny Warwicker','(21) 4533-4765'),
('721.183.246-46','Guillermo Leer','(21) 4533-4765'),
('078.233.326-76','Kimmie Kolushev','(21) 4533-4765'),
('786.323.262-26','Gareth Skerme','(21) 4533-4765'),
('324.463.231-96','Petra Slobom','(21) 4533-4765'),
('432.435.226-86','Adolphus Bagshaw','(21) 4533-4765'),
('875.322.809-36','Nolan Olander','(21) 4533-4765'),
('534.342.329-36','Earle Crampin','(21) 4533-4765'),
('213.323.152-36','Ashbey Emerine','(21) 4533-4765'),
('456.424.170-46','Doroteya Musgrove','(21) 4533-4765'),
('624.341.479-06','Elenore Strowlger','(21) 4533-4765'),
('765.235.864-46','Noak Behrend','(21) 4533-4765'),
('532.453.439-76','Rebecka Senten','(21) 4533-4765');

insert into ENDERECO(cpfUsuario, bairro, logradouro, complemento) VALUES
('385.915.855-42', "Dr. Airton Rocha",  "Rua São Luiz do Anauá 234, 324", ""),
('444.937.391-00',"Jardim dos Estados","Travessa Antônio Lopes Lins, 54",""),
('398.818.452-70',"Cidade Monções","Rua Pensilvânia, 764",""),
('900.276.479-00',"Granja Lisboa","Rua Valdenia Soares, 94",""),

('705.762.427-13',"Massaguaçu", "Rua Cidade de Miracatú, 342","Apartamento 312"),
('405.062.227-13',"Conselheiro Paulino","Rua Cidade de Miracatú, 12",""),
('714.722.587-18',"Conselheiro Paulino","Rua Avelino da Rosa Pinheiro, 754",""),
('104.862.437-13',"Potengi","Rua Baía de São José, 98",""),

('455.121.673-91',"Morada Nova","Rua Duzolina Corradi Matos, 123",""),
('125.178.643-92',"Parque Verde","Rua das Rosas, 231",""),
('152.145.623-11',"Jardim Altamira","Rua Cinco, 213","Apartamento 312"),
('357.981.673-42',"Nossa Senhora das Graças","Travessa Irmãos Spinelli,2 41","Apartamento 512"),

('627.372.839-76',"Paz","Travessa da Paz, 432",""),
('603.451.898-92',"Neópolis","Travessa Estrela do Indaiá, 234",""),
('862.461.128-72',"São Gonçalo","Rua José Trilho Otero Júnior, 934",""),
('123.551.328-52',"Jardim Ouro Branco","Rua Santa Marta, 937",""),

('103.535.898-42',"Malhapão","Rua Providência, 212","Apartamento 402"),
('793.983.296-46',"Jardim Itapeva","Rua Ipana, 516","Apartamento 219"),
('712.183.296-46',"Paraíso","Rua Natureza, 921",""),
('793.233.396-76',"Santos Dumont","Rua Isso, 312",""),

('146.323.252-26',"Monte das Oliveiras","Rua Buritizal, 763",""),
('123.463.241-96',"Coronel Antonino","Praça Monumento, 653",""),
('123.435.286-86',"Boné Azul","Rua Antônio Marcos, 981",""),
('667.322.839-36',"Centro","Rua Endeovaldo Rerreira, 1982",""),

('617.342.359-36',"Vale Quem Tem", "Rua 23 de Março, 423","Apartamento 123"),
('237.323.132-36',"São Bento","Rua Bem Te Vi, 123",""),
('127.424.120-46',"Novo Israel","Rua São Thomé, 123",""),
('237.341.469-06',"Novo Paraíso","Rua da Revolução Pernambucana, 732",""),

('546.235.854-46',"Jardim Eldorado","Rua Catorze, 91",""),
('127.453.439-76',"Centro","Rua São Luiz, 213", "Apartamento 312");

insert into USUARIO_SECRETARIA(cpf, folhaDePagamento, telefoneDeContato, dataContratacao)VALUES
('385.915.855-42','21962090','(85) 99474-9561','2009-10-20'),
('444.937.391-00','20120952','(27) 99786-8265','2003-04-18'),
('398.818.452-70','28893347','(83) 99395-5776','2012-03-16'),
('900.276.479-00','67611342','(31) 98279-5046','2002-10-04'),
('705.762.427-13','58746298','(63) 98945-3348','2016-11-13'),
('405.062.227-13','58134','(48) 99560-7474','2004-08-15'),
('714.722.587-18','83963708','(84) 98292-9803','2011-03-24'),
('104.862.437-13','8382945','(86) 98307-7941','2003-11-03'),
('455.121.673-91','21186737','(82) 99782-7545','2005-01-15'),
('125.178.643-92','67951839','(84) 99920-4157','2012-08-24');

insert into USUARIO_PROFESSORA(cpf, folhaDePagamento, dataContratacao, nivelTOEFL) VALUES
('152.145.623-11','80243417','2010-11-23',113),
('357.981.673-42','87787512','2003-06-12',104),
('627.372.839-76','92268156','2012-07-16',116),
('603.451.898-92','86766406','2002-10-13',119),
('862.461.128-72','80315593','2016-09-09',103),
('123.551.328-52','92372826','2004-08-03',106),
('103.535.898-42','39603249','2011-02-14',111),
('793.983.296-46','51189389','2003-01-24',120),
('712.183.296-46','20543040','2005-01-28',108),
('793.233.396-76','92046688','2012-04-30',109);

insert into TURMA(nomeDaTurma, nivel, numeroDeAlunos, dataDeAbertura) VALUES
('AEF1A-2018','1A',10,'2018-01-20'),
('AEF1B-2018','1B',10,'2018-07-13'),
('AEF2A-2019','2A',9,'2019-01-18'),
('AEF2B-2029','2B',9,'2019-07-05'),
('AEF3A-2020','3A',9,'2020-01-11'),
('AEF3B-2020','3B',8,'2020-07-15'),
('AEF4A-2021','4A',9,'2021-01-16'),
('AEF4B-2021','4B',10,'2021-07-12'),
('AEF5A-2022','5A',8,'2022-01-18'),
('AEF5B-2022','5B',8,'2022-07-10');

insert into AULA(conteudo, anotacoes, paginasTarefas, dataDaAula, turma) VALUES
('Plurals','First evaluation in 3 weeks','21,22 CB - 12, 13 BW','2018-03-12','AEF1A-2018'),
('Adjectives','','32,34 CB - 23, 24 BW','2018-08-31','AEF1A-2018'),
('Present perfect','','34,35,36 CB - 27, 28 BW','2019-02-14','AEF2A-2019'),
('Possessives','Second evaluation in 2 weeks','45,46 CB - 32, 33 BW - 10 Grammar','2019-09-09','AEF2A-2019'),
('Pronouns','','37 CB - 26, 27 BW - 12 Grammar','2020-04-14','AEF3B-2020'),
('Traveling vocabulary','','56,57 CB - 31, 32 BW','2020-09-19','AEF3B-2020'),
('Simple past','Extra class: Conversation meeting next saturday.','56,57 CB - 32, 33 BW','2021-04-24','AEF4B-2021'),
('Future perfect','','34,35 CB - 27 BW - 14 Grammar','2021-10-22','AEF4B-2021'),
('Past perfect','','41,42 CB - 24, 25 BW','2022-11-03','AEF5B-2022'),
('Verbs','Movie day in 3 weeks.','45,46 CB - 27, 28 BW - 17 Grammar','2022-09-19','AEF5B-2022');

insert into AVALIACAO(nome) VALUES ('Speaking'),('Listening'),('Reading'),('Writing/grammar'),('Effort'),('Attendance'),('Content Retention'),('Homework');
insert into COMPETENCIA(nome) VALUES ('Excelent'),('Very good'),('Good'),('Satisfactory'),('Poor');
insert into COMPETENCIA_COM_AVALIACAO(nomeAvaliacao, nomeCompetencia) VALUES 
('Speaking','Excelent'),('Listening','Excelent'),('Reading','Excelent'),('Writing/grammar','Excelent'),('Effort','Excelent'),('Attendance','Excelent'),('Content Retention','Excelent'),('Homework','Excelent'),
('Speaking','Very good'),('Listening','Very good'),('Reading','Very good'),('Writing/grammar','Very good'),('Effort','Very good'),('Attendance','Very good'),('Content Retention','Very good'),('Homework','Very good'),
('Speaking','Good'),('Listening','Good'),('Reading','Good'),('Writing/grammar','Good'),('Effort','Good'),('Attendance','Good'),('Content Retention','Good'),('Homework','Good'),
('Speaking','Satisfactory'),('Listening','Satisfactory'),('Reading','Satisfactory'),('Writing/grammar','Satisfactory'),('Effort','Satisfactory'),('Attendance','Satisfactory'),('Content Retention','Satisfactory'),('Homework','Satisfactory'),
('Speaking','Poor'),('Listening','Poor'),('Reading','Poor'),('Writing/grammar','Poor'),('Effort','Poor'),('Attendance','Poor'),('Content Retention','Poor'),('Homework','Poor');

insert into USUARIO_ALUNO(cpf, cpfResponsavel, telefoneDeContato, nivel, turma) VALUES
('146.323.252-26','125.915.835-42','(98) 99341-4811','1A','AEF1A-2018'),
('123.463.241-96','544.937.311-00','(82) 98998-3181','2A','AEF2A-2019'),	
('123.435.286-86','398.834.422-70','(82) 99568-4312','3A','AEF3B-2020'),
('667.322.839-36','924.276.409-00','(92) 98125-3873','4A','AEF2B-2029'),
('617.342.359-36','754.762.417-13','(63) 99171-4374','5A','AEF2B-2029'),
('237.323.132-36','412.062.637-13','(69) 98766-5742','1B','AEF4B-2021'),
('127.424.120-46','567.722.557-18','(84) 99671-8499','2B','AEF4B-2021'),
('237.341.469-06','952.862.437-13','(98) 98614-7798','3B','AEF3B-2020'),
('546.235.854-46','125.121.613-91','(63) 99552-4641','4B','AEF1A-2018'),
('127.453.439-76','456.178.653-92','(84) 98767-2971','5B','AEF5B-2022');

insert into PROVA(professora, num_prova, nota, dataDaProva) VALUES
('152.145.623-11',1,7.8,'2018-03-02'),
('627.372.839-76',2,8.9,'2018-09-11'),
('152.145.623-11',2,9.1,'2019-03-14'),
('103.535.898-42',2,9.2,'2019-10-02'),
('103.535.898-42',1,8.3,'2020-03-15'),
('103.535.898-42',1,7.8,'2020-03-17'),
('103.535.898-42',2,7.6,'2021-09-14'),
('627.372.839-76',1,6.9,'2021-04-03'),
('712.183.296-46',1,7.5,'2022-04-05'),
('712.183.296-46',2,7.8,'2022-10-03');

insert into ALUNO_FAZ_PROVA(cpfAluno, idProva) values
('146.323.252-26',1),
('123.463.241-96',2),
('123.435.286-86',3),
('123.435.286-86',4),
('146.323.252-26',5),
('546.235.854-46',6),
('127.424.120-46',7),
('146.323.252-26',8),
('546.235.854-46',9),
('146.323.252-26',10);

insert into ALUNO_TEM_AVALIACAO(cpfAluno, nomeAvaliacao, nomeCompetencia, dataEmissao, periodo)VALUES
('146.323.252-26','Speaking','Excelent','2018-03-02',1),
('123.463.241-96','Speaking','Good','2018-03-02',1),
('123.435.286-86','Listening','Very good','2020-03-15',1),
('123.435.286-86','Listening','Poor','2020-03-15',1),
('146.323.252-26','Reading','Good','2020-03-15',1),
('546.235.854-46','Reading','Satisfactory','2021-04-03',2),
('127.424.120-46','Writing/grammar','Very good','2021-04-03',2),
('146.323.252-26','Writing/grammar','Very good','2022-10-03',2),
('546.235.854-46','Effort','Excelent','2022-10-03',2),
('146.323.252-26','Effort','Excelent','2022-10-03',2);
